Classifier,Dataset,Sampling,Auc,Kappa,Tue_Negative,True_Positive,False_Negative,False_positive,Precision,Recall,Perc_Train_Total,Num_Training_Release,Snoring_Class
RandomForest,AVRO,None,,1.0,210.0,0.0,0.0,0.0,1.0,1.0,2.7777777777777777,1,3
RandomForest,AVRO,Under Sampling,,1.0,210.0,0.0,0.0,0.0,1.0,1.0,2.7777777777777777,1,3
RandomForest,AVRO,Over Sampling,,1.0,210.0,0.0,0.0,0.0,1.0,1.0,2.7777777777777777,1,3
RandomForest,AVRO,None,,1.0,263.0,0.0,0.0,0.0,1.0,1.0,5.555555555555555,2,3
RandomForest,AVRO,Under Sampling,,1.0,263.0,0.0,0.0,0.0,1.0,1.0,5.555555555555555,2,3
RandomForest,AVRO,Over Sampling,,1.0,263.0,0.0,0.0,0.0,1.0,1.0,5.555555555555555,2,3
RandomForest,AVRO,None,,1.0,316.0,0.0,0.0,0.0,1.0,1.0,8.333333333333332,3,3
RandomForest,AVRO,Under Sampling,,1.0,316.0,0.0,0.0,0.0,1.0,1.0,8.333333333333332,3,3
RandomForest,AVRO,Over Sampling,,1.0,316.0,0.0,0.0,0.0,1.0,1.0,8.333333333333332,3,3
RandomForest,AVRO,None,,1.0,316.0,0.0,0.0,0.0,1.0,1.0,11.11111111111111,4,3
RandomForest,AVRO,Under Sampling,,1.0,316.0,0.0,0.0,0.0,1.0,1.0,11.11111111111111,4,3
RandomForest,AVRO,Over Sampling,,1.0,316.0,0.0,0.0,0.0,1.0,1.0,11.11111111111111,4,3
RandomForest,AVRO,None,,1.0,322.0,0.0,0.0,0.0,1.0,1.0,13.88888888888889,5,3
RandomForest,AVRO,Under Sampling,,1.0,322.0,0.0,0.0,0.0,1.0,1.0,13.88888888888889,5,3
RandomForest,AVRO,Over Sampling,,1.0,322.0,0.0,0.0,0.0,1.0,1.0,13.88888888888889,5,3
RandomForest,AVRO,None,,1.0,328.0,0.0,0.0,0.0,1.0,1.0,16.666666666666664,6,3
RandomForest,AVRO,Under Sampling,,1.0,328.0,0.0,0.0,0.0,1.0,1.0,16.666666666666664,6,3
RandomForest,AVRO,Over Sampling,,1.0,328.0,0.0,0.0,0.0,1.0,1.0,16.666666666666664,6,3
RandomForest,AVRO,None,0.5,0.0,341.0,0.0,0.0,0.0,0.9354838709677419,1.0,19.444444444444446,7,3
RandomForest,AVRO,Under Sampling,0.5,0.0,341.0,0.0,0.0,0.0,0.9354838709677419,1.0,19.444444444444446,7,3
RandomForest,AVRO,Over Sampling,0.5,0.0,341.0,0.0,0.0,0.0,0.9354838709677419,1.0,19.444444444444446,7,3
RandomForest,AVRO,None,0.5,0.0,354.0,0.0,0.0,0.0,0.9152542372881356,1.0,22.22222222222222,8,3
RandomForest,AVRO,Under Sampling,0.5,0.0,354.0,0.0,0.0,0.0,0.9152542372881356,1.0,22.22222222222222,8,3
RandomForest,AVRO,Over Sampling,0.5,0.0,354.0,0.0,0.0,0.0,0.9152542372881356,1.0,22.22222222222222,8,3
RandomForest,AVRO,None,0.9679627601314348,0.6391243695675501,354.0,0.0,0.0,0.0,0.9905956112852664,0.9518072289156626,25.0,9,1
RandomForest,AVRO,Under Sampling,0.9625547645125958,0.6875064908090149,354.0,0.0,0.0,0.0,0.9968454258675079,0.9518072289156626,25.0,9,1
RandomForest,AVRO,Over Sampling,0.9443455640744798,0.5638006571741513,354.0,0.0,0.0,0.0,0.9728915662650602,0.9728915662650602,25.0,9,1
RandomForest,AVRO,SMOTE,0.9630339539978094,0.6743663123466885,354.0,0.0,0.0,0.0,0.9968354430379747,0.9487951807228916,25.0,9,1
NaiveBayes,AVRO,None,0.5041073384446878,0.08848314606741585,354.0,0.0,0.0,0.0,0.9444444444444444,0.9216867469879518,25.0,9,1
NaiveBayes,AVRO,Under Sampling,0.5041073384446878,0.08848314606741585,354.0,0.0,0.0,0.0,0.9444444444444444,0.9216867469879518,25.0,9,1
NaiveBayes,AVRO,Over Sampling,0.49575575027382257,0.08848314606741585,354.0,0.0,0.0,0.0,0.9444444444444444,0.9216867469879518,25.0,9,1
NaiveBayes,AVRO,SMOTE,0.5034227820372399,0.0804156313530608,354.0,0.0,0.0,0.0,0.9440993788819876,0.9156626506024096,25.0,9,1
IBk,AVRO,None,0.9759036144578314,0.7105478331970562,354.0,0.0,0.0,0.0,1.0,0.9518072289156626,25.0,9,1
IBk,AVRO,Under Sampling,0.9759036144578314,0.7105478331970562,354.0,0.0,0.0,0.0,1.0,0.9518072289156626,25.0,9,1
IBk,AVRO,Over Sampling,0.8465224534501643,0.5856741573033705,354.0,0.0,0.0,0.0,0.9814814814814815,0.9578313253012049,25.0,9,1
IBk,AVRO,SMOTE,0.9759036144578314,0.7105478331970562,354.0,0.0,0.0,0.0,1.0,0.9518072289156626,25.0,9,1
RandomForest,AVRO,None,0.9971248630887185,0.8338919426196543,354.0,0.0,0.0,0.0,0.9909365558912386,0.9879518072289156,27.77777777777778,10,0
RandomForest,AVRO,Under Sampling,0.9973986856516976,0.8813513875854669,354.0,0.0,0.0,0.0,0.9939577039274925,0.9909638554216867,27.77777777777778,10,0
RandomForest,AVRO,Over Sampling,0.963855421686747,0.6745468873128452,354.0,0.0,0.0,0.0,0.9818181818181818,0.9759036144578314,27.77777777777778,10,0
RandomForest,AVRO,SMOTE,0.9947973713033954,0.7514044943820223,354.0,0.0,0.0,0.0,0.9938271604938271,0.9698795180722891,27.77777777777778,10,0
NaiveBayes,AVRO,None,0.5060240963855421,0.08848314606741585,354.0,0.0,0.0,0.0,0.9444444444444444,0.9216867469879518,27.77777777777778,10,0
NaiveBayes,AVRO,Under Sampling,0.5060240963855421,0.08848314606741585,354.0,0.0,0.0,0.0,0.9444444444444444,0.9216867469879518,27.77777777777778,10,0
NaiveBayes,AVRO,Over Sampling,0.5134173055859803,0.0804156313530608,354.0,0.0,0.0,0.0,0.9440993788819876,0.9156626506024096,27.77777777777778,10,0
NaiveBayes,AVRO,SMOTE,0.5065717415115005,0.07659007659007587,354.0,0.0,0.0,0.0,0.9439252336448598,0.9126506024096386,27.77777777777778,10,0
IBk,AVRO,None,0.9755613362541073,0.9493851873034034,354.0,0.0,0.0,0.0,0.9940119760479041,1.0,27.77777777777778,10,0
IBk,AVRO,Under Sampling,0.9755613362541073,0.9493851873034034,354.0,0.0,0.0,0.0,0.9940119760479041,1.0,27.77777777777778,10,0
IBk,AVRO,Over Sampling,0.9529025191675794,0.7257122422219568,354.0,0.0,0.0,0.0,0.9907692307692307,0.9698795180722891,27.77777777777778,10,0
IBk,AVRO,SMOTE,0.9752875136911281,0.9030668127053668,354.0,0.0,0.0,0.0,0.9939759036144579,0.9939759036144579,27.77777777777778,10,0
RandomForest,AVRO,None,1.0,0.9493851873034034,354.0,0.0,0.0,0.0,0.9940119760479041,1.0,30.555555555555557,11,0
RandomForest,AVRO,Under Sampling,1.0,0.9493851873034034,354.0,0.0,0.0,0.0,0.9940119760479041,1.0,30.555555555555557,11,0
RandomForest,AVRO,Over Sampling,0.9978094194961665,0.9030668127053668,354.0,0.0,0.0,0.0,0.9939759036144579,0.9939759036144579,30.555555555555557,11,0
RandomForest,AVRO,SMOTE,1.0,1.0,354.0,0.0,0.0,0.0,1.0,1.0,30.555555555555557,11,0
NaiveBayes,AVRO,None,0.5219058050383352,0.08848314606741585,354.0,0.0,0.0,0.0,0.9444444444444444,0.9216867469879518,30.555555555555557,11,0
NaiveBayes,AVRO,Under Sampling,0.5219058050383352,0.08848314606741585,354.0,0.0,0.0,0.0,0.9444444444444444,0.9216867469879518,30.555555555555557,11,0
NaiveBayes,AVRO,Over Sampling,0.6829134720700986,0.04181444838529006,354.0,0.0,0.0,0.0,0.9419354838709677,0.8795180722891566,30.555555555555557,11,0
NaiveBayes,AVRO,SMOTE,0.5350492880613362,0.07289393278044523,354.0,0.0,0.0,0.0,0.94375,0.9096385542168675,30.555555555555557,11,0
IBk,AVRO,None,0.8907447973713034,0.8333856291182934,354.0,0.0,0.0,0.0,0.9822485207100592,1.0,30.555555555555557,11,0
IBk,AVRO,Under Sampling,0.8907447973713034,0.8333856291182934,354.0,0.0,0.0,0.0,0.9822485207100592,1.0,30.555555555555557,11,0
IBk,AVRO,Over Sampling,0.9257940854326396,0.8481555619102092,354.0,0.0,0.0,0.0,0.9880239520958084,0.9939759036144579,30.555555555555557,11,0
IBk,AVRO,SMOTE,0.8907447973713034,0.8333856291182934,354.0,0.0,0.0,0.0,0.9822485207100592,1.0,30.555555555555557,11,0
RandomForest,AVRO,None,0.9982201533406353,0.8481555619102092,354.0,0.0,0.0,0.0,0.9880239520958084,0.9939759036144579,33.33333333333333,12,0
RandomForest,AVRO,Under Sampling,0.9982201533406353,0.8481555619102092,354.0,0.0,0.0,0.0,0.9880239520958084,0.9939759036144579,33.33333333333333,12,0
RandomForest,AVRO,Over Sampling,0.9952765607886089,0.7975407492136116,354.0,0.0,0.0,0.0,0.9850299401197605,0.9909638554216867,33.33333333333333,12,0
RandomForest,AVRO,SMOTE,0.9983570646221248,0.8762064624422993,354.0,0.0,0.0,0.0,0.990990990990991,0.9939759036144579,33.33333333333333,12,0
NaiveBayes,AVRO,None,0.5617469879518072,0.0843775146568572,354.0,0.0,0.0,0.0,0.9442724458204335,0.9186746987951807,33.33333333333333,12,0
NaiveBayes,AVRO,Under Sampling,0.5617469879518072,0.0843775146568572,354.0,0.0,0.0,0.0,0.9442724458204335,0.9186746987951807,33.33333333333333,12,0
NaiveBayes,AVRO,Over Sampling,0.5784501642935378,0.0804156313530608,354.0,0.0,0.0,0.0,0.9440993788819876,0.9156626506024096,33.33333333333333,12,0
NaiveBayes,AVRO,SMOTE,0.5662650602409639,0.07289393278044523,354.0,0.0,0.0,0.0,0.94375,0.9096385542168675,33.33333333333333,12,0
IBk,AVRO,None,0.9088170865279299,0.8338919426196543,354.0,0.0,0.0,0.0,0.9909365558912386,0.9879518072289156,33.33333333333333,12,0
IBk,AVRO,Under Sampling,0.9088170865279299,0.8338919426196543,354.0,0.0,0.0,0.0,0.9909365558912386,0.9879518072289156,33.33333333333333,12,0
IBk,AVRO,Over Sampling,0.901355421686747,0.7771716323961388,354.0,0.0,0.0,0.0,0.984984984984985,0.9879518072289156,33.33333333333333,12,0
IBk,AVRO,SMOTE,0.9099808324205915,0.8338919426196543,354.0,0.0,0.0,0.0,0.9909365558912386,0.9879518072289156,33.33333333333333,12,0
RandomForest,AVRO,None,0.9880887185104053,0.5730824891461651,354.0,0.0,0.0,0.0,0.967551622418879,0.9879518072289156,36.11111111111111,13,0
RandomForest,AVRO,Under Sampling,0.9913061336254108,0.5730824891461651,354.0,0.0,0.0,0.0,0.967551622418879,0.9879518072289156,36.11111111111111,13,0
RandomForest,AVRO,Over Sampling,0.984802847754655,0.5078206465067774,354.0,0.0,0.0,0.0,0.9619883040935673,0.9909638554216867,36.11111111111111,13,0
RandomForest,AVRO,SMOTE,0.9922645125958379,0.746925936517015,354.0,0.0,0.0,0.0,0.9820359281437125,0.9879518072289156,36.11111111111111,13,0
NaiveBayes,AVRO,None,0.6425246440306681,0.06932074256894515,354.0,0.0,0.0,0.0,0.9435736677115988,0.9066265060240963,36.11111111111111,13,0
NaiveBayes,AVRO,Under Sampling,0.6425246440306681,0.06932074256894515,354.0,0.0,0.0,0.0,0.9435736677115988,0.9066265060240963,36.11111111111111,13,0
NaiveBayes,AVRO,Over Sampling,0.6874315443592552,0.07289393278044523,354.0,0.0,0.0,0.0,0.94375,0.9096385542168675,36.11111111111111,13,0
NaiveBayes,AVRO,SMOTE,0.6362267250821467,0.06251947242704393,354.0,0.0,0.0,0.0,0.943217665615142,0.9006024096385542,36.11111111111111,13,0
IBk,AVRO,None,0.8218784227820373,0.5295845572807384,354.0,0.0,0.0,0.0,0.96996996996997,0.9728915662650602,36.11111111111111,13,0
IBk,AVRO,Under Sampling,0.8218784227820373,0.5295845572807384,354.0,0.0,0.0,0.0,0.96996996996997,0.9728915662650602,36.11111111111111,13,0
IBk,AVRO,Over Sampling,0.7073521358159912,0.4800671422576587,354.0,0.0,0.0,0.0,0.9669669669669669,0.9698795180722891,36.11111111111111,13,0
IBk,AVRO,SMOTE,0.8448795180722891,0.5491352728247755,354.0,0.0,0.0,0.0,0.972809667673716,0.9698795180722891,36.11111111111111,13,0
RandomForest,AVRO,None,0.9887708445400754,0.8335388409371142,360.0,0.0,0.0,0.0,0.9825581395348837,1.0,38.88888888888889,14,0
RandomForest,AVRO,Under Sampling,0.9849381387842926,0.8009478672985778,360.0,0.0,0.0,0.0,0.9797101449275363,1.0,38.88888888888889,14,0
RandomForest,AVRO,Over Sampling,0.9655728886498117,0.8009478672985778,360.0,0.0,0.0,0.0,0.9797101449275363,1.0,38.88888888888889,14,0
RandomForest,AVRO,SMOTE,0.9885691231845078,0.8335388409371142,360.0,0.0,0.0,0.0,0.9825581395348837,1.0,38.88888888888889,14,0
NaiveBayes,AVRO,None,0.6971490048413125,0.060618225612203924,360.0,0.0,0.0,0.0,0.9440993788819876,0.8994082840236687,38.88888888888889,14,0
NaiveBayes,AVRO,Under Sampling,0.6971490048413125,0.060618225612203924,360.0,0.0,0.0,0.0,0.9440993788819876,0.8994082840236687,38.88888888888889,14,0
NaiveBayes,AVRO,Over Sampling,0.6949973103819258,0.060618225612203924,360.0,0.0,0.0,0.0,0.9440993788819876,0.8994082840236687,38.88888888888889,14,0
NaiveBayes,AVRO,SMOTE,0.6962076385153309,0.054474708171206185,360.0,0.0,0.0,0.0,0.94375,0.893491124260355,38.88888888888889,14,0
IBk,AVRO,None,0.7553792361484669,0.539572675293409,360.0,0.0,0.0,0.0,0.967930029154519,0.9822485207100592,38.88888888888889,14,0
IBk,AVRO,Under Sampling,0.7553792361484669,0.539572675293409,360.0,0.0,0.0,0.0,0.967930029154519,0.9822485207100592,38.88888888888889,14,0
IBk,AVRO,Over Sampling,0.8265868746637978,0.5734597156398109,360.0,0.0,0.0,0.0,0.9681159420289855,0.9881656804733728,38.88888888888889,14,0
IBk,AVRO,SMOTE,0.7962614308768154,0.5767195767195771,360.0,0.0,0.0,0.0,0.9707602339181286,0.9822485207100592,38.88888888888889,14,0
RandomForest,AVRO,None,0.9928646934460887,0.8336867615873976,366.0,0.0,0.0,0.0,0.9828571428571429,1.0,41.66666666666667,15,0
RandomForest,AVRO,Under Sampling,0.9947145877378436,0.8336867615873976,366.0,0.0,0.0,0.0,0.9828571428571429,1.0,41.66666666666667,15,0
RandomForest,AVRO,Over Sampling,0.9878435517970402,0.7668789808917195,366.0,0.0,0.0,0.0,0.9772727272727273,1.0,41.66666666666667,15,0
RandomForest,AVRO,SMOTE,0.9952431289640592,0.8336867615873976,366.0,0.0,0.0,0.0,0.9828571428571429,1.0,41.66666666666667,15,0
NaiveBayes,AVRO,None,0.7040169133192389,0.061908517350157094,366.0,0.0,0.0,0.0,0.9451219512195121,0.9011627906976745,41.66666666666667,15,0
NaiveBayes,AVRO,Under Sampling,0.7040169133192389,0.061908517350157094,366.0,0.0,0.0,0.0,0.9451219512195121,0.9011627906976745,41.66666666666667,15,0
NaiveBayes,AVRO,Over Sampling,0.7209302325581395,0.06841783750763587,366.0,0.0,0.0,0.0,0.9454545454545454,0.9069767441860465,41.66666666666667,15,0
NaiveBayes,AVRO,SMOTE,0.7066596194503171,0.0557997324670356,366.0,0.0,0.0,0.0,0.9447852760736196,0.8953488372093024,41.66666666666667,15,0
IBk,AVRO,None,0.8358879492600423,0.8336867615873976,366.0,0.0,0.0,0.0,0.9828571428571429,1.0,41.66666666666667,15,0
IBk,AVRO,Under Sampling,0.8358879492600423,0.8336867615873976,366.0,0.0,0.0,0.0,0.9828571428571429,1.0,41.66666666666667,15,0
IBk,AVRO,Over Sampling,0.8321881606765328,0.7885615251299826,366.0,0.0,0.0,0.0,0.9827586206896551,0.9941860465116279,41.66666666666667,15,0
IBk,AVRO,SMOTE,0.9574524312896406,0.9032769556025368,366.0,0.0,0.0,0.0,0.9941860465116279,0.9941860465116279,41.66666666666667,15,0
RandomForest,AVRO,None,1.0,1.0,366.0,0.0,0.0,0.0,1.0,1.0,44.44444444444444,16,0
RandomForest,AVRO,Under Sampling,1.0,1.0,366.0,0.0,0.0,0.0,1.0,1.0,44.44444444444444,16,0
RandomForest,AVRO,Over Sampling,1.0,0.9494893734474192,366.0,0.0,0.0,0.0,0.9942196531791907,1.0,44.44444444444444,16,0
RandomForest,AVRO,SMOTE,1.0,1.0,366.0,0.0,0.0,0.0,1.0,1.0,44.44444444444444,16,0
NaiveBayes,AVRO,None,0.7242336152219874,0.061908517350157094,366.0,0.0,0.0,0.0,0.9451219512195121,0.9011627906976745,44.44444444444444,16,0
NaiveBayes,AVRO,Under Sampling,0.7242336152219874,0.061908517350157094,366.0,0.0,0.0,0.0,0.9451219512195121,0.9011627906976745,44.44444444444444,16,0
NaiveBayes,AVRO,Over Sampling,0.7225158562367865,0.0557997324670356,366.0,0.0,0.0,0.0,0.9447852760736196,0.8953488372093024,44.44444444444444,16,0
NaiveBayes,AVRO,SMOTE,0.7176268498942917,0.0557997324670356,366.0,0.0,0.0,0.0,0.9447852760736196,0.8953488372093024,44.44444444444444,16,0
IBk,AVRO,None,0.9988768498942917,0.9763229395782119,366.0,0.0,0.0,0.0,1.0,0.997093023255814,44.44444444444444,16,0
IBk,AVRO,Under Sampling,0.9988768498942917,0.9763229395782119,366.0,0.0,0.0,0.0,1.0,0.997093023255814,44.44444444444444,16,0
IBk,AVRO,Over Sampling,0.9334038054968288,0.8032963095664634,366.0,0.0,0.0,0.0,0.9941002949852508,0.9796511627906976,44.44444444444444,16,0
IBk,AVRO,SMOTE,0.9988768498942917,0.9763229395782119,366.0,0.0,0.0,0.0,1.0,0.997093023255814,44.44444444444444,16,0
RandomForest,AVRO,None,1.0,1.0,366.0,0.0,0.0,0.0,1.0,1.0,47.22222222222222,17,0
RandomForest,AVRO,Under Sampling,1.0,1.0,366.0,0.0,0.0,0.0,1.0,1.0,47.22222222222222,17,0
RandomForest,AVRO,Over Sampling,0.9989429175475687,0.9032769556025368,366.0,0.0,0.0,0.0,0.9941860465116279,0.9941860465116279,47.22222222222222,17,0
RandomForest,AVRO,SMOTE,1.0,1.0,366.0,0.0,0.0,0.0,1.0,1.0,47.22222222222222,17,0
NaiveBayes,AVRO,None,0.7391649048625792,0.061908517350157094,366.0,0.0,0.0,0.0,0.9451219512195121,0.9011627906976745,47.22222222222222,17,0
NaiveBayes,AVRO,Under Sampling,0.7391649048625792,0.061908517350157094,366.0,0.0,0.0,0.0,0.9451219512195121,0.9011627906976745,47.22222222222222,17,0
NaiveBayes,AVRO,Over Sampling,0.6693974630021141,0.061908517350157094,366.0,0.0,0.0,0.0,0.9451219512195121,0.9011627906976745,47.22222222222222,17,0
NaiveBayes,AVRO,SMOTE,0.7330866807610994,0.0557997324670356,366.0,0.0,0.0,0.0,0.9447852760736196,0.8953488372093024,47.22222222222222,17,0
IBk,AVRO,None,0.9973572938689218,0.9536121673003802,366.0,0.0,0.0,0.0,1.0,0.9941860465116279,47.22222222222222,17,0
IBk,AVRO,Under Sampling,0.9973572938689218,0.9536121673003802,366.0,0.0,0.0,0.0,1.0,0.9941860465116279,47.22222222222222,17,0
IBk,AVRO,Over Sampling,0.99392177589852,0.9108621529469069,366.0,0.0,0.0,0.0,1.0,0.9883720930232558,47.22222222222222,17,0
IBk,AVRO,SMOTE,0.9986786469344608,0.9536121673003802,366.0,0.0,0.0,0.0,1.0,0.9941860465116279,47.22222222222222,17,0
RandomForest,AVRO,None,1.0,1.0,366.0,0.0,0.0,0.0,1.0,1.0,50.0,18,0
RandomForest,AVRO,Under Sampling,1.0,1.0,366.0,0.0,0.0,0.0,1.0,1.0,50.0,18,0
RandomForest,AVRO,Over Sampling,1.0,1.0,366.0,0.0,0.0,0.0,1.0,1.0,50.0,18,0
RandomForest,AVRO,SMOTE,1.0,1.0,366.0,0.0,0.0,0.0,1.0,1.0,50.0,18,0
NaiveBayes,AVRO,None,0.7478858350951374,0.061908517350157094,366.0,0.0,0.0,0.0,0.9451219512195121,0.9011627906976745,50.0,18,0
NaiveBayes,AVRO,Under Sampling,0.7478858350951374,0.061908517350157094,366.0,0.0,0.0,0.0,0.9451219512195121,0.9011627906976745,50.0,18,0
NaiveBayes,AVRO,Over Sampling,0.7278012684989429,0.07536842105263142,366.0,0.0,0.0,0.0,0.9457831325301205,0.9127906976744186,50.0,18,0
NaiveBayes,AVRO,SMOTE,0.7457716701902748,0.0557997324670356,366.0,0.0,0.0,0.0,0.9447852760736196,0.8953488372093024,50.0,18,0
IBk,AVRO,None,1.0,1.0,366.0,0.0,0.0,0.0,1.0,1.0,50.0,18,0
IBk,AVRO,Under Sampling,1.0,1.0,366.0,0.0,0.0,0.0,1.0,1.0,50.0,18,0
IBk,AVRO,Over Sampling,0.9986786469344608,0.9536121673003802,366.0,0.0,0.0,0.0,1.0,0.9941860465116279,50.0,18,0
IBk,AVRO,SMOTE,1.0,1.0,366.0,0.0,0.0,0.0,1.0,1.0,50.0,18,0
RandomForest,AVRO,None,0.9596643518518518,0.834808259587021,384.0,0.0,0.0,0.0,0.9862258953168044,0.9944444444444445,52.77777777777778,19,0
RandomForest,AVRO,Under Sampling,0.9831597222222223,0.834808259587021,384.0,0.0,0.0,0.0,0.9862258953168044,0.9944444444444445,52.77777777777778,19,0
RandomForest,AVRO,Over Sampling,0.977025462962963,0.8150289017341038,384.0,0.0,0.0,0.0,0.9861878453038674,0.9916666666666667,52.77777777777778,19,0
RandomForest,AVRO,SMOTE,0.9616319444444444,0.8150289017341038,384.0,0.0,0.0,0.0,0.9861878453038674,0.9916666666666667,52.77777777777778,19,0
NaiveBayes,AVRO,None,0.6576388888888889,0.09909909909909884,384.0,0.0,0.0,0.0,0.9454022988505747,0.9138888888888889,52.77777777777778,19,0
NaiveBayes,AVRO,Under Sampling,0.6576388888888889,0.09909909909909884,384.0,0.0,0.0,0.0,0.9454022988505747,0.9138888888888889,52.77777777777778,19,0
NaiveBayes,AVRO,Over Sampling,0.6285879629629629,0.10297482837528607,384.0,0.0,0.0,0.0,0.9455587392550143,0.9166666666666666,52.77777777777778,19,0
NaiveBayes,AVRO,SMOTE,0.6530092592592592,0.09170305676855897,384.0,0.0,0.0,0.0,0.9450867052023122,0.9083333333333333,52.77777777777778,19,0
IBk,AVRO,None,0.8578125,0.6300578034682085,384.0,0.0,0.0,0.0,0.9751381215469613,0.9805555555555555,52.77777777777778,19,0
IBk,AVRO,Under Sampling,0.8578125,0.6300578034682085,384.0,0.0,0.0,0.0,0.9751381215469613,0.9805555555555555,52.77777777777778,19,0
IBk,AVRO,Over Sampling,0.775636574074074,0.5721925133689835,384.0,0.0,0.0,0.0,0.9748603351955307,0.9694444444444444,52.77777777777778,19,0
IBk,AVRO,SMOTE,0.8553240740740741,0.6,384.0,0.0,0.0,0.0,0.975,0.975,52.77777777777778,19,0
RandomForest,AVRO,None,0.9252250409165302,0.6775154710061888,402.0,0.0,0.0,0.0,0.9738219895287958,0.9893617021276596,55.55555555555556,20,0
RandomForest,AVRO,Under Sampling,0.875971767594108,0.7120343839541549,402.0,0.0,0.0,0.0,0.9739583333333334,0.9946808510638298,55.55555555555556,20,0
RandomForest,AVRO,Over Sampling,0.900163666121113,0.7120343839541549,402.0,0.0,0.0,0.0,0.9739583333333334,0.9946808510638298,55.55555555555556,20,0
RandomForest,AVRO,SMOTE,0.9329991816693944,0.6456588805641249,402.0,0.0,0.0,0.0,0.9736842105263158,0.9840425531914894,55.55555555555556,20,0
NaiveBayes,AVRO,None,0.6021890343698855,0.1280583029672048,402.0,0.0,0.0,0.0,0.9453551912568307,0.9202127659574468,55.55555555555556,20,0
NaiveBayes,AVRO,Under Sampling,0.6021890343698855,0.1280583029672048,402.0,0.0,0.0,0.0,0.9453551912568307,0.9202127659574468,55.55555555555556,20,0
NaiveBayes,AVRO,Over Sampling,0.5747749590834698,0.1459449473489742,402.0,0.0,0.0,0.0,0.9459459459459459,0.9308510638297872,55.55555555555556,20,0
NaiveBayes,AVRO,SMOTE,0.5997340425531915,0.11990569215224037,402.0,0.0,0.0,0.0,0.945054945054945,0.9148936170212766,55.55555555555556,20,0
IBk,AVRO,None,0.6499590834697218,0.2829964328180736,402.0,0.0,0.0,0.0,0.9525065963060686,0.9601063829787234,55.55555555555556,20,0
IBk,AVRO,Under Sampling,0.6499590834697218,0.2829964328180736,402.0,0.0,0.0,0.0,0.9525065963060686,0.9601063829787234,55.55555555555556,20,0
IBk,AVRO,Over Sampling,0.6697013093289689,0.19608690952329502,402.0,0.0,0.0,0.0,0.9472295514511874,0.9547872340425532,55.55555555555556,20,0
IBk,AVRO,SMOTE,0.6511865793780688,0.26726382668472054,402.0,0.0,0.0,0.0,0.9522546419098143,0.9547872340425532,55.55555555555556,20,0
RandomForest,AVRO,None,1.0,0.9573520050922981,402.0,0.0,0.0,0.0,0.9947089947089947,1.0,58.333333333333336,21,0
RandomForest,AVRO,Under Sampling,1.0,1.0,402.0,0.0,0.0,0.0,1.0,1.0,58.333333333333336,21,0
RandomForest,AVRO,Over Sampling,0.9950900163666121,0.8720560152768932,402.0,0.0,0.0,0.0,0.9894179894179894,0.9946808510638298,58.333333333333336,21,0
RandomForest,AVRO,SMOTE,1.0,0.9573520050922981,402.0,0.0,0.0,0.0,0.9947089947089947,1.0,58.333333333333336,21,0
NaiveBayes,AVRO,None,0.6624386252045826,0.1280583029672048,402.0,0.0,0.0,0.0,0.9453551912568307,0.9202127659574468,58.333333333333336,21,0
NaiveBayes,AVRO,Under Sampling,0.6624386252045826,0.1280583029672048,402.0,0.0,0.0,0.0,0.9453551912568307,0.9202127659574468,58.333333333333336,21,0
NaiveBayes,AVRO,Over Sampling,0.6374795417348609,0.11221985931621083,402.0,0.0,0.0,0.0,0.9447513812154696,0.9095744680851063,58.333333333333336,21,0
NaiveBayes,AVRO,SMOTE,0.6534369885433715,0.1280583029672048,402.0,0.0,0.0,0.0,0.9453551912568307,0.9202127659574468,58.333333333333336,21,0
IBk,AVRO,None,1.0,1.0,402.0,0.0,0.0,0.0,1.0,1.0,58.333333333333336,21,0
IBk,AVRO,Under Sampling,1.0,1.0,402.0,0.0,0.0,0.0,1.0,1.0,58.333333333333336,21,0
IBk,AVRO,Over Sampling,0.9230769230769231,0.6930126002290948,402.0,0.0,0.0,0.0,0.9838709677419355,0.973404255319149,58.333333333333336,21,0
IBk,AVRO,SMOTE,1.0,1.0,402.0,0.0,0.0,0.0,1.0,1.0,58.333333333333336,21,0
RandomForest,AVRO,None,1.0,1.0,402.0,0.0,0.0,0.0,1.0,1.0,61.111111111111114,22,0
RandomForest,AVRO,Under Sampling,1.0,1.0,402.0,0.0,0.0,0.0,1.0,1.0,61.111111111111114,22,0
RandomForest,AVRO,Over Sampling,0.9997442716857611,0.9232531500572742,402.0,0.0,0.0,0.0,1.0,0.9893617021276596,61.111111111111114,22,0
RandomForest,AVRO,SMOTE,1.0,1.0,402.0,0.0,0.0,0.0,1.0,1.0,61.111111111111114,22,0
NaiveBayes,AVRO,None,0.719721767594108,0.1280583029672048,402.0,0.0,0.0,0.0,0.9453551912568307,0.9202127659574468,61.111111111111114,22,0
NaiveBayes,AVRO,Under Sampling,0.719721767594108,0.1280583029672048,402.0,0.0,0.0,0.0,0.9453551912568307,0.9202127659574468,61.111111111111114,22,0
NaiveBayes,AVRO,Over Sampling,0.6344108019639935,0.11600697037590242,402.0,0.0,0.0,0.0,0.9449035812672176,0.9122340425531915,61.111111111111114,22,0
NaiveBayes,AVRO,SMOTE,0.7067307692307693,0.12392103239039365,402.0,0.0,0.0,0.0,0.9452054794520548,0.9175531914893617,61.111111111111114,22,0
IBk,AVRO,None,0.9991816693944353,0.9798010250226105,402.0,0.0,0.0,0.0,1.0,0.9973404255319149,61.111111111111114,22,0
IBk,AVRO,Under Sampling,0.9991816693944353,0.9798010250226105,402.0,0.0,0.0,0.0,1.0,0.9973404255319149,61.111111111111114,22,0
IBk,AVRO,Over Sampling,0.9449672667757774,0.8809006517874775,402.0,0.0,0.0,0.0,0.9946524064171123,0.9893617021276596,61.111111111111114,22,0
IBk,AVRO,SMOTE,0.9991816693944353,0.9798010250226105,402.0,0.0,0.0,0.0,1.0,0.9973404255319149,61.111111111111114,22,0
RandomForest,AVRO,None,1.0,1.0,402.0,0.0,0.0,0.0,1.0,1.0,63.888888888888886,23,0
RandomForest,AVRO,Under Sampling,1.0,1.0,402.0,0.0,0.0,0.0,1.0,1.0,63.888888888888886,23,0
RandomForest,AVRO,Over Sampling,0.9973404255319149,0.9573520050922981,402.0,0.0,0.0,0.0,0.9947089947089947,1.0,63.888888888888886,23,0
RandomForest,AVRO,SMOTE,1.0,1.0,402.0,0.0,0.0,0.0,1.0,1.0,63.888888888888886,23,0
NaiveBayes,AVRO,None,0.7553191489361702,0.13672154617036494,402.0,0.0,0.0,0.0,0.9456521739130435,0.925531914893617,63.888888888888886,23,0
NaiveBayes,AVRO,Under Sampling,0.7553191489361702,0.13672154617036494,402.0,0.0,0.0,0.0,0.9456521739130435,0.925531914893617,63.888888888888886,23,0
NaiveBayes,AVRO,Over Sampling,0.7504091653027823,0.1280583029672048,402.0,0.0,0.0,0.0,0.9453551912568307,0.9202127659574468,63.888888888888886,23,0
NaiveBayes,AVRO,SMOTE,0.7454991816693944,0.11221985931621083,402.0,0.0,0.0,0.0,0.9447513812154696,0.9095744680851063,63.888888888888886,23,0
IBk,AVRO,None,1.0,0.9603002172624928,402.0,0.0,0.0,0.0,1.0,0.9946808510638298,63.888888888888886,23,0
IBk,AVRO,Under Sampling,1.0,0.9603002172624928,402.0,0.0,0.0,0.0,1.0,0.9946808510638298,63.888888888888886,23,0
IBk,AVRO,Over Sampling,0.9977495908346972,0.9603002172624928,402.0,0.0,0.0,0.0,1.0,0.9946808510638298,63.888888888888886,23,0
IBk,AVRO,SMOTE,1.0,0.9603002172624928,402.0,0.0,0.0,0.0,1.0,0.9946808510638298,63.888888888888886,23,0
RandomForest,AVRO,None,0.9159506172839507,0.8045380875202598,402.0,0.0,0.0,0.0,0.9815789473684211,0.9946666666666667,66.66666666666666,24,0
RandomForest,AVRO,Under Sampling,0.9205432098765433,0.8045380875202598,402.0,0.0,0.0,0.0,0.9815789473684211,0.9946666666666667,66.66666666666666,24,0
RandomForest,AVRO,Over Sampling,0.9074074074074074,0.7786587380244466,402.0,0.0,0.0,0.0,0.979002624671916,0.9946666666666667,66.66666666666666,24,0
RandomForest,AVRO,SMOTE,0.9164444444444444,0.8045380875202598,402.0,0.0,0.0,0.0,0.9815789473684211,0.9946666666666667,66.66666666666666,24,0
NaiveBayes,AVRO,None,0.7405432098765432,0.1622818442302685,402.0,0.0,0.0,0.0,0.9455040871934605,0.9253333333333333,66.66666666666666,24,0
NaiveBayes,AVRO,Under Sampling,0.7405432098765432,0.1622818442302685,402.0,0.0,0.0,0.0,0.9455040871934605,0.9253333333333333,66.66666666666666,24,0
NaiveBayes,AVRO,Over Sampling,0.6951111111111111,0.13618049959709919,402.0,0.0,0.0,0.0,0.943089430894309,0.928,66.66666666666666,24,0
NaiveBayes,AVRO,SMOTE,0.737679012345679,0.12805019753660235,402.0,0.0,0.0,0.0,0.9442896935933147,0.904,66.66666666666666,24,0
IBk,AVRO,None,0.8813333333333333,0.769759450171821,402.0,0.0,0.0,0.0,0.9814814814814815,0.9893333333333333,66.66666666666666,24,0
IBk,AVRO,Under Sampling,0.8813333333333333,0.769759450171821,402.0,0.0,0.0,0.0,0.9814814814814815,0.9893333333333333,66.66666666666666,24,0
IBk,AVRO,Over Sampling,0.8304691358024692,0.7176661264181522,402.0,0.0,0.0,0.0,0.9763157894736842,0.9893333333333333,66.66666666666666,24,0
IBk,AVRO,SMOTE,0.8800987654320988,0.7532985578398285,402.0,0.0,0.0,0.0,0.9814323607427056,0.9866666666666667,66.66666666666666,24,0
RandomForest,AVRO,None,0.8533325685442239,0.6661556151782291,402.0,0.0,0.0,0.0,0.9765625,0.9894459102902374,69.44444444444444,25,0
RandomForest,AVRO,Under Sampling,0.8566594011701273,0.6315532200904312,402.0,0.0,0.0,0.0,0.9764397905759162,0.9841688654353562,69.44444444444444,25,0
RandomForest,AVRO,Over Sampling,0.8968108294137892,0.6315532200904312,402.0,0.0,0.0,0.0,0.9764397905759162,0.9841688654353562,69.44444444444444,25,0
RandomForest,AVRO,SMOTE,0.8728346908340026,0.7040556819702846,402.0,0.0,0.0,0.0,0.9766839378238342,0.9947229551451188,69.44444444444444,25,0
NaiveBayes,AVRO,None,0.7542158999655845,0.13506630367963482,402.0,0.0,0.0,0.0,0.9532967032967034,0.9155672823218998,69.44444444444444,25,0
NaiveBayes,AVRO,Under Sampling,0.7542158999655845,0.13506630367963482,402.0,0.0,0.0,0.0,0.9532967032967034,0.9155672823218998,69.44444444444444,25,0
NaiveBayes,AVRO,Over Sampling,0.7610990019502122,0.1270544153964062,402.0,0.0,0.0,0.0,0.9530386740331491,0.9102902374670184,69.44444444444444,25,0
NaiveBayes,AVRO,SMOTE,0.7581163244235402,0.10569042229334213,402.0,0.0,0.0,0.0,0.952247191011236,0.8944591029023746,69.44444444444444,25,0
IBk,AVRO,None,0.7733738671561317,0.6315532200904312,402.0,0.0,0.0,0.0,0.9764397905759162,0.9841688654353562,69.44444444444444,25,0
IBk,AVRO,Under Sampling,0.7733738671561317,0.6315532200904312,402.0,0.0,0.0,0.0,0.9764397905759162,0.9841688654353562,69.44444444444444,25,0
IBk,AVRO,Over Sampling,0.8053229322014455,0.6153570147111584,402.0,0.0,0.0,0.0,0.9763779527559056,0.9815303430079155,69.44444444444444,25,0
IBk,AVRO,SMOTE,0.7733738671561317,0.6153570147111584,402.0,0.0,0.0,0.0,0.9763779527559056,0.9815303430079155,69.44444444444444,25,0
RandomForest,AVRO,None,0.9976851851851852,0.7700754975978036,402.0,0.0,0.0,0.0,1.0,0.9739583333333334,72.22222222222221,26,0
RandomForest,AVRO,Under Sampling,0.9988425925925926,0.7700754975978036,402.0,0.0,0.0,0.0,1.0,0.9739583333333334,72.22222222222221,26,0
RandomForest,AVRO,Over Sampling,0.9881365740740741,0.6844583987441134,402.0,0.0,0.0,0.0,0.9894736842105263,0.9791666666666666,72.22222222222221,26,0
RandomForest,AVRO,SMOTE,0.9994212962962963,0.7700754975978036,402.0,0.0,0.0,0.0,1.0,0.9739583333333334,72.22222222222221,26,0
NaiveBayes,AVRO,None,0.7829861111111112,0.08118486012068024,402.0,0.0,0.0,0.0,0.9613259668508287,0.90625,72.22222222222221,26,0
NaiveBayes,AVRO,Under Sampling,0.7829861111111112,0.08118486012068024,402.0,0.0,0.0,0.0,0.9613259668508287,0.90625,72.22222222222221,26,0
NaiveBayes,AVRO,Over Sampling,0.7766203703703703,0.043271311120726706,402.0,0.0,0.0,0.0,0.9595375722543352,0.8645833333333334,72.22222222222221,26,0
NaiveBayes,AVRO,SMOTE,0.7870370370370371,0.06480558325024915,402.0,0.0,0.0,0.0,0.9606741573033708,0.890625,72.22222222222221,26,0
IBk,AVRO,None,0.9884259259259259,0.7700754975978036,402.0,0.0,0.0,0.0,1.0,0.9739583333333334,72.22222222222221,26,0
IBk,AVRO,Under Sampling,0.9884259259259259,0.7700754975978036,402.0,0.0,0.0,0.0,1.0,0.9739583333333334,72.22222222222221,26,0
IBk,AVRO,Over Sampling,0.8767361111111112,0.5483146067415728,402.0,0.0,0.0,0.0,0.9841269841269841,0.96875,72.22222222222221,26,0
IBk,AVRO,SMOTE,0.9884259259259259,0.7700754975978036,402.0,0.0,0.0,0.0,1.0,0.9739583333333334,72.22222222222221,26,0
RandomForest,AVRO,None,1.0,1.0,402.0,0.0,0.0,0.0,1.0,1.0,75.0,27,0
RandomForest,AVRO,Under Sampling,1.0,1.0,402.0,0.0,0.0,0.0,1.0,1.0,75.0,27,0
RandomForest,AVRO,Over Sampling,0.9991319444444444,0.8715983135300882,402.0,0.0,0.0,0.0,1.0,0.9869791666666666,75.0,27,0
RandomForest,AVRO,SMOTE,1.0,1.0,402.0,0.0,0.0,0.0,1.0,1.0,75.0,27,0
NaiveBayes,AVRO,None,0.7857349537037037,0.08118486012068024,402.0,0.0,0.0,0.0,0.9613259668508287,0.90625,75.0,27,0
NaiveBayes,AVRO,Under Sampling,0.7857349537037037,0.08118486012068024,402.0,0.0,0.0,0.0,0.9613259668508287,0.90625,75.0,27,0
NaiveBayes,AVRO,Over Sampling,0.7986111111111112,0.06480558325024915,402.0,0.0,0.0,0.0,0.9606741573033708,0.890625,75.0,27,0
NaiveBayes,AVRO,SMOTE,0.7893518518518519,0.06992287917737783,402.0,0.0,0.0,0.0,0.9608938547486033,0.8958333333333334,75.0,27,0
IBk,AVRO,None,1.0,1.0,402.0,0.0,0.0,0.0,1.0,1.0,75.0,27,0
IBk,AVRO,Under Sampling,1.0,1.0,402.0,0.0,0.0,0.0,1.0,1.0,75.0,27,0
IBk,AVRO,Over Sampling,0.9448784722222222,0.8342951360263803,402.0,0.0,0.0,0.0,0.9947643979057592,0.9895833333333334,75.0,27,0
IBk,AVRO,SMOTE,1.0,1.0,402.0,0.0,0.0,0.0,1.0,1.0,75.0,27,0
RandomForest,AVRO,None,1.0,1.0,402.0,0.0,0.0,0.0,1.0,1.0,77.77777777777779,28,0
RandomForest,AVRO,Under Sampling,1.0,1.0,402.0,0.0,0.0,0.0,1.0,1.0,77.77777777777779,28,0
RandomForest,AVRO,Over Sampling,1.0,0.9447650453421271,402.0,0.0,0.0,0.0,1.0,0.9947916666666666,77.77777777777779,28,0
RandomForest,AVRO,SMOTE,1.0,1.0,402.0,0.0,0.0,0.0,1.0,1.0,77.77777777777779,28,0
NaiveBayes,AVRO,None,0.7870370370370371,0.08118486012068024,402.0,0.0,0.0,0.0,0.9613259668508287,0.90625,77.77777777777779,28,0
NaiveBayes,AVRO,Under Sampling,0.7870370370370371,0.08118486012068024,402.0,0.0,0.0,0.0,0.9613259668508287,0.90625,77.77777777777779,28,0
NaiveBayes,AVRO,Over Sampling,0.7870370370370371,0.08740068104426796,402.0,0.0,0.0,0.0,0.9615384615384616,0.9114583333333334,77.77777777777779,28,0
NaiveBayes,AVRO,SMOTE,0.7899305555555556,0.07537154989384291,402.0,0.0,0.0,0.0,0.9611111111111111,0.9010416666666666,77.77777777777779,28,0
IBk,AVRO,None,1.0,1.0,402.0,0.0,0.0,0.0,1.0,1.0,77.77777777777779,28,0
IBk,AVRO,Under Sampling,1.0,1.0,402.0,0.0,0.0,0.0,1.0,1.0,77.77777777777779,28,0
IBk,AVRO,Over Sampling,1.0,0.9447650453421271,402.0,0.0,0.0,0.0,1.0,0.9947916666666666,77.77777777777779,28,0
IBk,AVRO,SMOTE,1.0,1.0,402.0,0.0,0.0,0.0,1.0,1.0,77.77777777777779,28,0
RandomForest,AVRO,None,1.0,1.0,430.0,0.0,0.0,0.0,1.0,1.0,80.55555555555556,29,0
RandomForest,AVRO,Under Sampling,1.0,1.0,430.0,0.0,0.0,0.0,1.0,1.0,80.55555555555556,29,0
RandomForest,AVRO,Over Sampling,1.0,1.0,430.0,0.0,0.0,0.0,1.0,1.0,80.55555555555556,29,0
RandomForest,AVRO,SMOTE,1.0,1.0,430.0,0.0,0.0,0.0,1.0,1.0,80.55555555555556,29,0
NaiveBayes,AVRO,None,0.7737324703344121,0.09445290796666393,430.0,0.0,0.0,0.0,0.9643765903307888,0.9199029126213593,80.55555555555556,29,0
NaiveBayes,AVRO,Under Sampling,0.7737324703344121,0.09445290796666393,430.0,0.0,0.0,0.0,0.9643765903307888,0.9199029126213593,80.55555555555556,29,0
NaiveBayes,AVRO,Over Sampling,0.8064994606256742,0.05554768315148039,430.0,0.0,0.0,0.0,0.9629629629629629,0.883495145631068,80.55555555555556,29,0
NaiveBayes,AVRO,SMOTE,0.7760248112189859,0.05554768315148039,430.0,0.0,0.0,0.0,0.9629629629629629,0.883495145631068,80.55555555555556,29,0
IBk,AVRO,None,0.9201051779935275,0.6338001514004543,430.0,0.0,0.0,0.0,0.9974747474747475,0.9587378640776699,80.55555555555556,29,0
IBk,AVRO,Under Sampling,0.9201051779935275,0.6338001514004543,430.0,0.0,0.0,0.0,0.9974747474747475,0.9587378640776699,80.55555555555556,29,0
IBk,AVRO,Over Sampling,0.9335221143473571,0.5834800986262774,430.0,0.0,0.0,0.0,0.9974489795918368,0.9490291262135923,80.55555555555556,29,0
IBk,AVRO,SMOTE,0.9170711974110033,0.5953938524957431,430.0,0.0,0.0,0.0,0.9974554707379135,0.9514563106796117,80.55555555555556,29,0
RandomForest,AVRO,None,1.0,1.0,458.0,0.0,0.0,0.0,1.0,1.0,83.33333333333334,30,0
RandomForest,AVRO,Under Sampling,1.0,1.0,458.0,0.0,0.0,0.0,1.0,1.0,83.33333333333334,30,0
RandomForest,AVRO,Over Sampling,1.0,1.0,458.0,0.0,0.0,0.0,1.0,1.0,83.33333333333334,30,0
RandomForest,AVRO,None,1.0,1.0,458.0,0.0,0.0,0.0,1.0,1.0,86.11111111111111,31,0
RandomForest,AVRO,Under Sampling,1.0,1.0,458.0,0.0,0.0,0.0,1.0,1.0,86.11111111111111,31,0
RandomForest,AVRO,Over Sampling,1.0,1.0,458.0,0.0,0.0,0.0,1.0,1.0,86.11111111111111,31,0
RandomForest,AVRO,None,1.0,1.0,459.0,0.0,0.0,0.0,1.0,1.0,88.88888888888889,32,0
RandomForest,AVRO,Under Sampling,1.0,1.0,459.0,0.0,0.0,0.0,1.0,1.0,88.88888888888889,32,0
RandomForest,AVRO,Over Sampling,1.0,1.0,459.0,0.0,0.0,0.0,1.0,1.0,88.88888888888889,32,0
RandomForest,AVRO,SMOTE,1.0,1.0,459.0,0.0,0.0,0.0,1.0,1.0,88.88888888888889,32,0
NaiveBayes,AVRO,None,0.7768959435626103,0.08863473909935636,459.0,0.0,0.0,0.0,0.9665871121718377,0.9183673469387755,88.88888888888889,32,0
NaiveBayes,AVRO,Under Sampling,0.7768959435626103,0.08863473909935636,459.0,0.0,0.0,0.0,0.9665871121718377,0.9183673469387755,88.88888888888889,32,0
NaiveBayes,AVRO,Over Sampling,0.7738725119677501,0.09160305343511417,459.0,0.0,0.0,0.0,0.9666666666666667,0.9206349206349206,88.88888888888889,32,0
NaiveBayes,AVRO,SMOTE,0.7787855883093978,0.07035497281739679,459.0,0.0,0.0,0.0,0.9660194174757282,0.9024943310657596,88.88888888888889,32,0
IBk,AVRO,None,0.9909297052154195,0.790123456790123,459.0,0.0,0.0,0.0,1.0,0.9795918367346939,88.88888888888889,32,0
IBk,AVRO,Under Sampling,0.9909297052154195,0.790123456790123,459.0,0.0,0.0,0.0,1.0,0.9795918367346939,88.88888888888889,32,0
IBk,AVRO,Over Sampling,0.8629377676996725,0.746548868028713,459.0,0.0,0.0,0.0,0.990909090909091,0.9886621315192744,88.88888888888889,32,0
IBk,AVRO,SMOTE,0.9909297052154195,0.790123456790123,459.0,0.0,0.0,0.0,1.0,0.9795918367346939,88.88888888888889,32,0
RandomForest,AVRO,None,1.0,1.0,460.0,0.0,0.0,0.0,1.0,1.0,91.66666666666666,33,0
RandomForest,AVRO,Under Sampling,1.0,1.0,460.0,0.0,0.0,0.0,1.0,1.0,91.66666666666666,33,0
RandomForest,AVRO,Over Sampling,1.0,1.0,460.0,0.0,0.0,0.0,1.0,1.0,91.66666666666666,33,0
RandomForest,AVRO,SMOTE,1.0,1.0,460.0,0.0,0.0,0.0,1.0,1.0,91.66666666666666,33,0
NaiveBayes,AVRO,None,0.7742584213172449,0.08874801901743237,460.0,0.0,0.0,0.0,0.9666666666666667,0.918552036199095,91.66666666666666,33,0
NaiveBayes,AVRO,Under Sampling,0.7742584213172449,0.08874801901743237,460.0,0.0,0.0,0.0,0.9666666666666667,0.918552036199095,91.66666666666666,33,0
NaiveBayes,AVRO,Over Sampling,0.7626948215183509,0.1012572205232758,460.0,0.0,0.0,0.0,0.9669811320754716,0.9276018099547512,91.66666666666666,33,0
NaiveBayes,AVRO,SMOTE,0.7807943690296631,0.07284768211920524,460.0,0.0,0.0,0.0,0.966183574879227,0.9049773755656109,91.66666666666666,33,0
IBk,AVRO,None,0.9819004524886877,0.6483180428134557,460.0,0.0,0.0,0.0,1.0,0.9592760180995475,91.66666666666666,33,0
IBk,AVRO,Under Sampling,0.9819004524886877,0.6483180428134557,460.0,0.0,0.0,0.0,1.0,0.9592760180995475,91.66666666666666,33,0
IBk,AVRO,Over Sampling,0.9844142785319256,0.6483180428134557,460.0,0.0,0.0,0.0,1.0,0.9592760180995475,91.66666666666666,33,0
IBk,AVRO,SMOTE,0.9831573655103066,0.6483180428134557,460.0,0.0,0.0,0.0,1.0,0.9592760180995475,91.66666666666666,33,0
,,,,,,,,,,,,,
,,,,,,,,,,,,,
,,,,,,,,,,,,,
,,,,,,,,,,,,,
,,,,,,,,,,,,,
,,,,,,,,,,,,,
,,,,,,,,,,,,,
,,,,,,,,,,,,,
,,,,,,,,,,,,,
,,,,,,,,,,,,,
,,,,,,,,,,,,,
,,,,,,,,,,,,,
,,,,,,,,,,,,,
,,,,,,,,,,,,,
,,,,,,,,,,,,,
,,,,,,,,,,,,,
,,,,,,,,,,,,,
,,,,,,,,,,,,,
,,,,,,,,,,,,,
,,,,,,,,,,,,,
,,,,,,,,,,,,,
,,,,,,,,,,,,,
,,,,,,,,,,,,,
,,,,,,,,,,,,,
,,,,,,,,,,,,,
,,,,,,,,,,,,,
,,,,,,,,,,,,,
,,,,,,,,,,,,,
,,,,,,,,,,,,,
,,,,,,,,,,,,,
,,,,,,,,,,,,,
,,,,,,,,,,,,,
,,,,,,,,,,,,,
,,,,,,,,,,,,,
,,,,,,,,,,,,,
,,,,,,,,,,,,,
,,,,,,,,,,,,,
,,,,,,,,,,,,,
,,,,,,,,,,,,,
,,,,,,,,,,,,,
,,,,,,,,,,,,,
,,,,,,,,,,,,,
,,,,,,,,,,,,,
,,,,,,,,,,,,,
,,,,,,,,,,,,,
,,,,,,,,,,,,,
,,,,,,,,,,,,,
,,,,,,,,,,,,,
,,,,,,,,,,,,,
,,,,,,,,,,,,,
,,,,,,,,,,,,,
,,,,,,,,,,,,,
,,,,,,,,,,,,,
,,,,,,,,,,,,,
,,,,,,,,,,,,,
,,,,,,,,,,,,,
,,,,,,,,,,,,,
,,,,,,,,,,,,,
,,,,,,,,,,,,,
,,,,,,,,,,,,,
,,,,,,,,,,,,,
,,,,,,,,,,,,,
,,,,,,,,,,,,,
,,,,,,,,,,,,,
,,,,,,,,,,,,,
,,,,,,,,,,,,,
,,,,,,,,,,,,,
,,,,,,,,,,,,,
,,,,,,,,,,,,,
,,,,,,,,,,,,,
,,,,,,,,,,,,,
,,,,,,,,,,,,,
,,,,,,,,,,,,,
,,,,,,,,,,,,,
,,,,,,,,,,,,,
,,,,,,,,,,,,,
,,,,,,,,,,,,,
,,,,,,,,,,,,,
,,,,,,,,,,,,,
,,,,,,,,,,,,,
,,,,,,,,,,,,,
,,,,,,,,,,,,,
,,,,,,,,,,,,,
,,,,,,,,,,,,,
,,,,,,,,,,,,,
,,,,,,,,,,,,,
,,,,,,,,,,,,,
,,,,,,,,,,,,,
,,,,,,,,,,,,,
,,,,,,,,,,,,,
,,,,,,,,,,,,,
,,,,,,,,,,,,,
,,,,,,,,,,,,,
,,,,,,,,,,,,,
,,,,,,,,,,,,,
,,,,,,,,,,,,,
,,,,,,,,,,,,,
,,,,,,,,,,,,,
,,,,,,,,,,,,,
,,,,,,,,,,,,,
,,,,,,,,,,,,,
,,,,,,,,,,,,,
,,,,,,,,,,,,,
,,,,,,,,,,,,,
,,,,,,,,,,,,,
,,,,,,,,,,,,,
,,,,,,,,,,,,,
,,,,,,,,,,,,,
,,,,,,,,,,,,,
,,,,,,,,,,,,,
,,,,,,,,,,,,,
,,,,,,,,,,,,,
,,,,,,,,,,,,,
,,,,,,,,,,,,,
,,,,,,,,,,,,,
,,,,,,,,,,,,,
,,,,,,,,,,,,,
,,,,,,,,,,,,,
,,,,,,,,,,,,,
,,,,,,,,,,,,,
,,,,,,,,,,,,,
,,,,,,,,,,,,,
,,,,,,,,,,,,,
,,,,,,,,,,,,,
,,,,,,,,,,,,,
,,,,,,,,,,,,,
,,,,,,,,,,,,,
,,,,,,,,,,,,,
,,,,,,,,,,,,,
,,,,,,,,,,,,,
,,,,,,,,,,,,,
,,,,,,,,,,,,,
,,,,,,,,,,,,,
,,,,,,,,,,,,,
,,,,,,,,,,,,,
,,,,,,,,,,,,,
,,,,,,,,,,,,,
,,,,,,,,,,,,,
,,,,,,,,,,,,,
,,,,,,,,,,,,,
,,,,,,,,,,,,,
,,,,,,,,,,,,,
,,,,,,,,,,,,,
,,,,,,,,,,,,,
,,,,,,,,,,,,,
,,,,,,,,,,,,,
,,,,,,,,,,,,,
,,,,,,,,,,,,,
,,,,,,,,,,,,,
,,,,,,,,,,,,,
,,,,,,,,,,,,,
,,,,,,,,,,,,,
,,,,,,,,,,,,,
,,,,,,,,,,,,,
,,,,,,,,,,,,,
,,,,,,,,,,,,,
,,,,,,,,,,,,,
,,,,,,,,,,,,,
,,,,,,,,,,,,,
,,,,,,,,,,,,,
,,,,,,,,,,,,,
,,,,,,,,,,,,,
,,,,,,,,,,,,,
,,,,,,,,,,,,,
,,,,,,,,,,,,,
,,,,,,,,,,,,,
,,,,,,,,,,,,,
,,,,,,,,,,,,,
,,,,,,,,,,,,,
,,,,,,,,,,,,,
,,,,,,,,,,,,,
,,,,,,,,,,,,,
,,,,,,,,,,,,,
,,,,,,,,,,,,,
,,,,,,,,,,,,,
,,,,,,,,,,,,,
,,,,,,,,,,,,,
,,,,,,,,,,,,,
,,,,,,,,,,,,,
,,,,,,,,,,,,,
,,,,,,,,,,,,,
,,,,,,,,,,,,,
,,,,,,,,,,,,,
,,,,,,,,,,,,,
,,,,,,,,,,,,,
,,,,,,,,,,,,,
,,,,,,,,,,,,,
,,,,,,,,,,,,,
,,,,,,,,,,,,,
,,,,,,,,,,,,,
,,,,,,,,,,,,,
,,,,,,,,,,,,,
,,,,,,,,,,,,,
,,,,,,,,,,,,,
,,,,,,,,,,,,,
,,,,,,,,,,,,,
,,,,,,,,,,,,,
,,,,,,,,,,,,,
,,,,,,,,,,,,,
,,,,,,,,,,,,,
,,,,,,,,,,,,,
,,,,,,,,,,,,,
,,,,,,,,,,,,,
,,,,,,,,,,,,,
,,,,,,,,,,,,,
,,,,,,,,,,,,,
,,,,,,,,,,,,,
,,,,,,,,,,,,,
,,,,,,,,,,,,,
,,,,,,,,,,,,,
,,,,,,,,,,,,,
,,,,,,,,,,,,,
,,,,,,,,,,,,,
,,,,,,,,,,,,,
,,,,,,,,,,,,,
,,,,,,,,,,,,,
,,,,,,,,,,,,,
,,,,,,,,,,,,,
,,,,,,,,,,,,,
,,,,,,,,,,,,,
,,,,,,,,,,,,,
,,,,,,,,,,,,,
,,,,,,,,,,,,,
,,,,,,,,,,,,,
,,,,,,,,,,,,,
,,,,,,,,,,,,,
,,,,,,,,,,,,,
,,,,,,,,,,,,,
,,,,,,,,,,,,,
,,,,,,,,,,,,,
,,,,,,,,,,,,,
,,,,,,,,,,,,,
,,,,,,,,,,,,,
,,,,,,,,,,,,,
,,,,,,,,,,,,,
,,,,,,,,,,,,,
,,,,,,,,,,,,,
,,,,,,,,,,,,,
,,,,,,,,,,,,,
,,,,,,,,,,,,,
,,,,,,,,,,,,,
,,,,,,,,,,,,,
,,,,,,,,,,,,,
,,,,,,,,,,,,,
,,,,,,,,,,,,,
,,,,,,,,,,,,,
,,,,,,,,,,,,,
,,,,,,,,,,,,,
,,,,,,,,,,,,,
,,,,,,,,,,,,,
,,,,,,,,,,,,,
,,,,,,,,,,,,,
,,,,,,,,,,,,,
,,,,,,,,,,,,,
,,,,,,,,,,,,,
,,,,,,,,,,,,,
,,,,,,,,,,,,,
,,,,,,,,,,,,,
,,,,,,,,,,,,,
,,,,,,,,,,,,,
,,,,,,,,,,,,,
,,,,,,,,,,,,,
,,,,,,,,,,,,,
,,,,,,,,,,,,,
,,,,,,,,,,,,,
,,,,,,,,,,,,,
,,,,,,,,,,,,,
,,,,,,,,,,,,,
,,,,,,,,,,,,,
,,,,,,,,,,,,,
,,,,,,,,,,,,,
,,,,,,,,,,,,,
,,,,,,,,,,,,,
,,,,,,,,,,,,,
,,,,,,,,,,,,,
,,,,,,,,,,,,,
,,,,,,,,,,,,,
,,,,,,,,,,,,,
,,,,,,,,,,,,,
,,,,,,,,,,,,,
,,,,,,,,,,,,,
,,,,,,,,,,,,,
,,,,,,,,,,,,,
,,,,,,,,,,,,,
,,,,,,,,,,,,,
,,,,,,,,,,,,,
,,,,,,,,,,,,,
,,,,,,,,,,,,,
,,,,,,,,,,,,,
,,,,,,,,,,,,,
,,,,,,,,,,,,,
,,,,,,,,,,,,,
,,,,,,,,,,,,,
,,,,,,,,,,,,,
